ID,X,Y
1,499.36,560.26
2,513.22,505.82
3,518.41,565.85
4,477.94,520.83
5,603.03,507.86
6,514.83,556.35
7,604.09,504.51
8,456.96,506.69
9,541.87,570.98
10,514.38,567.86
11,619.68,524.61
12,580.42,524.18
13,472.4,514.49
14,470.85,484.14
15,581.28,513.27
16,469.94,549.62
17,614.37,511.2
18,462.43,541.14
19,549.18,537.78
20,597.51,547.47
21,486.76,542.26
22,569.83,504.98
23,542.22,523.74
24,516.25,509.39
25,515.76,482.56
26,448.66,508.62
27,456.76,512.64
28,594.22,550.86
29,520.34,561.45
30,488.21,560.66
31,559.49,561.32
32,608.02,534.43
33,493.49,534.03
34,539.93,480.59
35,533.45,545.47
36,500.47,524.8
37,442.24,511.58
38,553.26,570.5
39,450.2,526.33
40,561.71,542.03
41,596,524.3
42,545.21,528.13
43,585.63,505.59
44,570.03,560.98
45,565.24,481.62
46,612.67,528.44
47,605.83,541.2
48,609.69,528.88
49,569.95,519.56
50,499.82,553.41
51,565.44,491.06
52,461.67,490.46
53,545.29,503.51
54,430.33,540.73
55,581.16,555.67
56,484.81,557
57,495.87,505.51
58,514.3,536.76
59,509.74,572.79
60,479.37,565.04
61,566.01,493.28
62,560.73,567.2
63,580.53,488.66
64,504.11,479.34
65,519.58,496.93
66,601.96,540.89
67,598.5,507.26
68,597.28,525.25
69,500.78,528.44
70,500.18,520.91
71,548.11,526.87
72,557.65,532.22
73,483.85,513.42
74,491.54,517.01
75,571.55,547.33
76,513.63,484.36
77,505.87,490.32
78,590.9,532.37
79,610.43,543.24
80,448.52,510.21
81,459.04,510.33
82,583.89,486.51
83,500.84,524.24
84,603.48,518.33
85,550.68,498.23
86,474.44,494.94
87,588.72,500.71
88,534.51,484.4
89,465.53,501.96
90,597.96,494.64
91,469.45,516.75
92,545.24,476.8
93,474.28,494.2
94,605.6,501.54
95,552.41,534.66
96,471.78,490.37
97,582.04,517.09
98,535.77,522.77
99,484.86,566.12
100,524.9,496.51
101,503.73,537.53
102,495.05,551.11
103,492.72,508.12
104,582.79,485.45
105,495.32,552.22
106,491.85,487.43
107,506.09,570.97
108,536.91,508.99
109,565.29,535.83
110,590.37,532.56
111,518.43,573.6
112,619.74,520.94
113,475.54,512.62
114,518.21,478.18
115,451.72,500.19
116,441.18,515.68
117,581.96,557.57
118,461.01,531.69
119,490.2,532.62
120,484.09,505.42
121,445.66,503.95
122,613.46,502.14
123,466.3,545.95
124,511.23,499.04
125,435.09,531
126,560.16,507.6
127,447.13,502.82
128,511.8,501.54
129,591.95,525.25
130,444.36,531.79
131,581.88,487.61
132,505.45,479.89
133,554.11,556.32
134,547.14,495.14
135,542.07,543.5
136,509.28,491.39
137,556.85,522.6
138,580.73,545.9
139,460.3,504.71
140,490.29,565.25
141,481.44,537.01
142,565.41,498.23
143,612.77,535
144,591.03,488.43
145,516,480.37
146,506.12,495.6
147,480.77,539.07
148,484.99,496.97
149,511.77,541.91
150,512.96,541.11
151,520.86,505.34
152,462.91,531.68
153,524.48,540.35
154,600.45,541.57
155,462.85,525.34
156,468.26,551.33
157,533.57,553.68
158,530.81,557.39
159,575.8,513.28
160,553.91,510.36
161,561.5,508.05
162,567.39,545.25
163,520.98,513.39
164,448.64,520.66
165,532.13,502.94
166,534.42,508.63
167,563.37,529
168,566.62,513.09
169,489.3,527.96
170,573.37,556.56
171,538.34,507.47
172,573.92,501.62
173,482.55,502.78
174,443.81,550.44
175,541.39,572.89
176,442.04,539.25
177,580,560.22
178,567.31,560.52
179,429.19,530.89
180,466.95,500.31
181,560.48,512.66
182,515.63,529.5
183,523.64,479.48
184,495.54,508.47
185,547.38,555.26
186,516.37,524.36
187,483.98,500.88
188,592.55,503.47
189,494.54,556.69
190,619.03,534.13
191,505.49,514.39
192,529.88,486.09
193,527.07,574.65
194,539.52,475.53
195,603.68,500.15
196,499.98,542.04
197,618.6,537.12
198,495.66,517.2
199,461.79,538.03
200,538.01,478.93
201,563.67,519.6
202,528.92,507.82
203,566.56,554.75
204,478.52,504.59
205,472.67,514.5
206,532.69,542.8
207,476.31,485.64
208,488.48,484.65
209,451.6,514.59
210,479.24,531.9
211,494.05,503.23
212,465.6,541.86
213,439.3,536.94
214,455.37,495.74
215,614.27,545.31
216,495.29,490.97
217,436.78,542.11
218,474.84,559.16
219,531.34,550.39
220,595.32,495.85
221,575.26,483.69
222,460.28,561.57
223,428.59,536.56
224,567.98,521.84
225,609.87,548.84
226,535.98,494.52
227,590.77,529.83
228,496.36,520.91
229,559.77,507.42
230,490.36,531.73
231,601.66,523.31
232,507.22,504.24
233,525.43,515.52
234,496.45,525.28
235,517.98,484.33
236,488.91,543.14
237,503.87,548.54
238,592.71,489.95
239,457.05,505.99
240,471.63,508.18
241,457.77,493.66
242,538.72,543.76
243,455.57,531.46
244,559.13,529.42
245,556.59,541.23
246,507.81,552.52
247,556.11,539.79
248,504.61,573.47
249,542.11,570.5
250,587.35,550.07
251,561.37,484.68
252,618.69,521.91
253,483.02,485.41
254,507.03,481.98
255,621.56,534.99
256,432.95,525.04
257,546.18,479.73
258,571.11,544.41
259,583.44,528.24
260,504.06,538.13
261,549.15,537.37
262,490.87,504.97
263,478.99,563.32
264,533.22,548.35
265,595.75,534.06
266,511.44,537.79
267,540.6,550.98
268,452.3,499.74
269,541.31,497.1
270,559.24,503.15
271,592.39,552.75
272,551.88,516.81
273,467.36,485.84
274,606.34,516.43
275,506.03,566.22
276,602.73,531.39
277,540.01,554.45
278,533.08,484.58
279,469.52,530.92
280,552.4,510.91
281,567.5,555.53
282,491.75,479.65
283,435.16,537.79
284,516.87,508.9
285,493.4,494.11
286,574.64,534.59
287,549.96,555.34
288,570.62,497.7
289,559.02,561.23
290,522.04,564.44
291,539.8,500.93
292,585.08,555.29
293,514.92,509.43
294,480.2,489.3
295,570.17,553.23
296,504.42,563.1
297,502.77,558.03
298,546.19,513.36
299,563.16,526.22
300,517.8,502.78
301,578.82,485.31
302,491.99,493.97
303,541.94,499.06
304,474.32,531.32
305,444.68,547.83
306,506.96,550.66
307,589.64,489.69
308,466.14,491.64
309,444.51,518.84
310,579.03,504.69
311,621.94,529.26
312,513.28,567.44
313,451.13,500.26
314,474,534.96
315,598.27,499.13
316,438.14,508.91
317,437.07,541.44
318,514.39,573.92
319,560.03,565.4
320,477.3,554.41
321,564.24,483.48
322,536.11,567.82
323,433.6,530.62
324,458.32,504.22
325,542.34,476.26
326,526.88,516.83
327,577.96,529.98
328,471.85,552.2
329,572.38,506.97
330,558.34,543.93
331,549.45,511.48
332,534.66,566.79
333,542.17,553.43
334,481.22,510.31
335,435.19,508.9
336,481.37,547.05
337,516.37,522.37
338,535.65,515.78
339,439.23,508.58
340,444.5,505.41
341,489.86,504.65
342,550.76,572.14
343,575.35,532.53
344,514.21,498.74
345,471.29,566.17
346,538.55,478.78
347,467.58,530.7
348,479.37,542.45
349,534.75,475.3
350,571.41,487.32
351,555.65,491.43
352,555.61,532.17
353,562.73,531.74
354,447.16,550.77
355,496.57,486.05
356,545.19,548.54
357,494.58,528.31
358,587.41,521.41
359,448.45,534.44
360,508.19,573.32
361,583.96,511.52
362,600.34,502.55
363,495.64,507.8
364,588.01,563.78
365,449.63,552.58
366,494.61,498.17
367,517.12,540.06
368,516.07,478.19
369,502.22,572.51
370,509.15,489.24
371,586.71,507.79
372,534.93,542.79
373,516.13,530.99
374,542.44,487.28
375,571.73,532.02
376,518.34,475.89
377,548.28,521.85
378,450.82,504.4
379,604.35,500.93
380,458.31,526.95
381,469.48,525.11
382,550.67,481.46
383,523.85,523.48
384,517.22,556.93
385,445.73,540.97
386,504.71,570.39
387,518.38,513.11
388,596.66,539.18
389,597.71,557.03
390,526.09,516.7
391,522.58,546.78
392,472.36,558.23
393,454.21,530.7
394,486.87,564.47
395,480.99,520.32
396,545.26,505.34
397,478.87,487.7
398,607.72,507.04
399,546.08,511.94
400,457.45,560.7
401,552.91,554.79
402,478,500.65
403,0,0
404,782.88,496.13
405,715.01,492.94
406,999.74,648.2
407,20.299,840.74
408,659.16,17.15
409,532.91,844.06
410,957.22,771.9
411,695.34,289.11
412,467.51,700.63
413,296.6,913.04
414,420.76,944.9
415,396.19,267.97
416,103.45,154.36
417,478.21,370.6
418,776.12,222.81
419,472.83,26.262
420,319.07,181.08
421,387.21,243.85
422,706.33,997.12
423,897.42,654.93
424,755.1,117.83
425,135.66,824.77
426,117.39,731.42
427,95.391,714.38
428,272.48,557.22
429,49.941,381.07
430,165.29,347.36
431,969.3,85.379
432,177.63,212.17
433,460.8,88.572
434,723.36,759.53
435,491.87,69.622
436,561.51,585.78
437,755.45,282.79
438,968.09,521.66
439,391.17,974.27
440,651.8,684.21
441,51.884,401.48
442,893.01,104.77
443,888.31,414.89
444,992.12,547.7
445,383.82,231.35
446,343.24,6.0296
447,708.17,541.14
448,614.86,879.9
449,850.03,378.42
450,943.08,826.5
451,984.13,152.74
452,902.61,600.28
453,31.412,838.36
454,86.827,322.3
455,360.34,405.96
456,109.62,414.55
457,399.43,578.09
458,737.87,128.63
459,873.22,104.17
460,325.96,143.6
461,904.18,439.76
462,648.31,471.85
463,417.44,686.69
464,829.62,359.34
465,989.48,309.47
466,379,41.156
467,485.4,947.52
468,616.76,74.616
469,407.94,949.7
470,624.49,232.46
471,606.92,85.47
472,805.28,728.5
473,590.85,754
474,272.85,895.17
475,464.56,602.93
476,432.44,481.7
477,359.23,320.75
478,911.54,463.24
479,346.95,457.47
480,538.04,589.62
481,205.78,734.54
482,498.03,999.32
483,163.43,827.9
484,522.24,279.54
485,714.61,831.78
486,297.28,528.21
487,592.53,7.4444
488,844.06,757.01
489,901.58,850.6
490,779.69,225.09
491,218.66,449.8
492,633.43,887.46
493,712.67,92.541
494,3.2675,496.37
495,603.58,228.64
496,942.17,110.74
497,87.103,450.24
498,225.56,31.869
499,921.62,233.69
500,200.79,491.41
501,303.47,344.21
502,679.29,590.75
503,215.15,232.24
504,457.8,890.08
505,517.02,567.48
506,426.27,830.34
507,490.53,167.86
508,187.55,313.99
509,104.82,576.57
510,940.81,121.67
511,128.82,668.34
512,334.35,180.55
513,804.88,177.95
514,141.1,810.21
515,544.24,57.477
516,869.06,583.26
517,942.28,704.18
518,458.23,904.1
519,263.05,289.48
520,184.2,859.91
521,697.76,409.94
522,123.93,997.99
523,151.34,616.37
524,702,960.14
525,401.1,38.787
526,249.21,180.29
527,294.34,111.07
528,532.91,186.26
529,163.54,877.51
530,19.163,615.17
531,1.2528,757.75
532,500.53,544.92
533,917.52,196.59
534,945.87,760.64
535,343.35,172.25
536,542.33,861.56
537,349.55,831.52
538,503.13,749.05
539,89.591,721.21
540,277.15,523.05
541,378.48,912.21
542,784.59,280.89
543,145.92,110.74
544,392.77,354.43
545,928.23,117.81
546,248.9,605.93
547,731.91,359.88
548,306.72,575.13
549,472.87,619.37
550,658.46,720.86
551,683.7,557.23
552,437.3,449.51
553,23.486,345.53
554,410.76,60.251
555,840.35,444.04
556,916.33,220.88
557,579.96,724.76
558,841.65,742.88
559,356.68,260.97
560,851.45,3.929
561,891.07,785.7
562,628.19,987.01
563,399.18,608.5
564,250.98,359.42
565,996.29,964.33
566,637.27,873.22
567,754.42,435.14
568,879.8,153.28
569,463.2,651.37
570,274.51,160.51
571,474.04,319.53
572,29.927,148.84
573,228.54,161.18
574,540.36,252.1
575,399.56,482.52
576,755.46,428.09
577,831.96,894.96
578,559.98,287.57
579,565.7,300.1
580,598.47,564.81
581,565.96,767.49
582,477.75,906.43
583,340.82,366.07
584,811.71,305.92
585,798.08,603.83
586,282.24,489.22
587,212.2,244.43
588,250.5,872.41
589,213.46,531.33
590,553.59,731.65
591,525.73,404.84
592,304.84,722.01
593,833.84,703.81
594,79.579,297.37
595,400.9,80.58
596,900,619.15
597,874.67,468.37
598,225.21,952.84
599,234.28,335.24
600,933.05,693.59
601,650.48,464.8
602,280.39,253.41
603,117.76,477.13
604,708.54,611.86
605,576.37,448.76
606,127.65,86.12
607,164.89,972.86
608,721.94,198.66
609,27.804,89.7
610,266.07,543.03
611,961.57,162.39
612,24.571,4.7741
613,795.75,545.94
614,784.22,630.66
615,97.189,393.11
616,714.37,567.48
617,46.486,83.255
618,62.195,500.92
619,789.21,86.075
620,775.54,251.99
621,987.38,173.03
622,945.15,32.698
623,732.89,876.49
624,957.9,57.749
625,129.78,467.59
626,668.28,607.35
627,380.09,357.72
628,539.03,446.28
629,937.3,796.23
630,893.95,813.76
631,224.73,302.99
632,87.634,246.85
633,215.45,389.34
634,680.83,164.3
635,432.72,751.2
636,485.28,60.562
637,720.36,91.337
638,317.34,939.91
639,836.46,583.67
640,819.51,857.98
641,303.12,380.3
642,814.05,360.37
643,26.181,292.08
644,837.35,85.625
645,489.28,645.59
646,102.68,933.2
647,578.89,544.4
648,151.86,669.97
649,919.55,925.11
650,726.97,574.67
651,145.77,912.8
652,207.77,927.54
653,492.07,287.72
654,291.95,940.69
655,662.61,814.57
656,101.78,525.2
657,769.89,819.58
658,294.59,696.62
659,161.3,874.5
660,256.43,567.71
661,970.61,678.43
662,204.11,28.816
663,905.28,759.42
664,161.33,175.42
665,471.3,559.88
666,937.33,532.17
667,135.75,304.01
668,785.24,700.07
669,664.18,952.07
670,731.17,544.78
671,175.77,259.09
672,368.48,21.088
673,708.22,757.42
674,413.2,7.8676
675,245.66,265.49
676,882.23,550.05
677,694.77,138.54
678,680.07,446.05
679,30.977,141.84
680,646.71,875.63
681,56.267,550.12
682,737.91,584.55
683,984.51,530.8
684,702.63,859.6
685,744.94,507.18
686,579.43,736.27
687,948.93,857.49
688,94.902,114.28
689,915.08,433.26
690,489.94,284.77
691,333.15,868.57
692,858.34,66.955
693,26.27,611.4
694,214.78,344.33
695,484.71,269.67
696,898.76,570.13
697,723.29,132.18
698,869.62,134.97
699,406.97,935.03
700,94.83,335.64
701,29.437,197.62
702,514.07,71.575
703,500.67,911.78
704,787.4,956.94
705,816.39,359.32
706,730.27,96.091
707,771.01,893.54
708,332.59,383.64
709,587.74,158.13
710,805.57,641.88
711,162.32,38.408
712,595.74,66.849
713,947.21,538.99
714,435.86,918.26
715,261.21,166.71
716,934.12,124.61
717,178.38,13.695
718,992.46,762.76
719,721.92,722.75
720,529.48,854.44
721,280.47,249.96
722,125.46,614.9
723,132.59,48.611
724,746.55,112.79
725,341.55,348.15
726,371.15,471.95
727,409.23,79.532
728,833.63,682.03
729,618.77,525.29
730,170.87,515.87
731,90.085,940.39
732,244.78,131.73
733,89.913,650.78
734,177.07,847.19
735,183.25,345.9
736,296.11,68.148
737,628.33,11.48
738,763.72,6.7901
739,512.76,292.47
740,684.73,217.66
741,308.27,301.9
742,292.22,595.4
743,383.62,563.69
744,307.08,218
745,412.4,390.58
746,450.7,338.12
747,231.26,745.87
748,918.28,368.99
749,820.86,423.22
750,951.62,571.44
751,829.47,588.12
752,235.74,28.746
753,602.72,91.13
754,540.59,501.02
755,779.41,918.25
756,877.04,247.62
757,367.8,652.94
758,816.77,65.203
759,710.21,16.337
760,696.59,520.09
761,236.74,652.35
762,135.62,394.15
763,295.17,380.64
764,126.72,369.61
765,384.97,753.13
766,964.6,611.9
767,226.6,239.15
768,282.47,925.26
769,725.71,381.89
770,145.2,373.45
771,845.42,329.78
772,765.1,903.78
773,810.63,466.12
774,899.59,508.2
775,886.09,794.73
776,15.617,135.1
777,555.83,205
778,778.61,190.18
779,79.277,1.8911
780,242.13,857.78
781,455.42,10.009
782,465.19,8.6846
783,889.16,840.49
784,269.43,770.04
785,124.86,857.16
786,236.4,933.45
787,256.98,15.073
788,79.538,189.84
789,670.11,694.1
790,524.85,977.3
791,683.89,575.26
792,491.48,562.37
793,282.43,941.77
794,524.12,686.36
795,924.82,331.16
796,752.97,340.06
797,496.85,934.37
798,892.35,307.5
799,916.64,38.763
800,455.05,567.78
801,326.31,650.85
802,336.79,738.69
803,256.57,956.37
804,234.96,306.06
805,359.96,759.1
806,283.4,281.33
807,985.66,901.91
808,492.12,670.59
809,690.78,291.55
810,154.4,323.48
811,443.3,716.77
812,160.54,184.23
813,401.42,440.33
814,596.72,364.52
815,844.78,213.51
816,908.95,533.55
817,144.15,832.27
818,560.29,472.79
819,388.27,632.36
820,302.58,197
821,749.29,997.55
822,975.41,2.3376
823,356.5,615.31
824,505.83,824.47
825,795.46,414.07
826,687.88,896.32
827,262.45,512.01
828,626.39,961.69
829,286.25,607.87
830,130.82,666.09
831,759.83,921.45
832,641.16,448.69
833,516.1,633.3
834,696.97,211.51
835,442.55,560.34
836,176.03,103.61
837,953.76,292.33
838,21.462,544.02
839,572.8,180.87
840,995.36,276.08
841,167.78,232.6
842,505.27,548.82
843,409.37,557.05
844,938.19,620.51
845,491.57,0.65692
846,702.7,187.78
847,363.68,476.27
848,349.73,18.157
849,936.47,474.91
850,724.49,76.591
851,828.94,250.69
852,488.4,581.18
853,567.66,151.01
854,729.22,410.21
855,667.08,893.04
856,249.19,854.43
857,300.11,542.76
858,480.19,460.46
859,957.66,149.39
860,646.41,488.9
861,680.59,569.12
862,942.44,341.46
863,998,417.92
864,417.79,176.77
865,765.76,834.78
866,447.16,675.79
867,674.05,185.44
868,94.509,611.13
869,685.5,705.15
870,284.58,28.319
871,234.39,520.87
872,259.24,259.12
873,969.41,508.22
874,785.78,973.24
875,706.09,818.23
876,982.32,858.76
877,691.19,896.62
878,204.39,299.5
879,513.75,880.03
880,471.73,255.21
881,469.28,192.15
882,948.18,186.62
883,593.5,861.11
884,160.37,444.6
885,966.16,386.61
886,604.79,832.01
887,775.13,206.49
888,584.39,897.8
889,693.58,459.5
890,828.3,163.45
891,219.04,268.75
892,250.05,520.7
893,593.61,772.37
894,168.58,387.39
895,662.54,44.425
896,731.42,986.85
897,141.95,523.02
898,420.78,843.68
899,213.16,891.86
900,281.67,685.59
901,685.26,517.84
902,762.73,441.96
903,354.98,380.14
904,597.7,31.844
905,172.04,215.88
906,248.29,85.304
907,52.611,796.88
908,166.5,401.81
909,794.21,49.794
910,62.438,316.49
911,94.364,871.22
912,434.01,931.41
913,11.778,425.73
914,171.92,866.16
915,981.37,480.64
916,543.51,908.34
917,915.44,250.53
918,973.41,526.64
919,122.46,244.83
920,5.5164,838.44
921,14.214,525.72
922,973.14,349.8
923,360.23,257.13
924,444.36,168.83
925,431.46,599.23
926,205.22,810.99
927,470.57,848.92
928,691.2,844.77
929,446.31,235
930,417.47,508.29
931,230.28,669.35
932,860.39,90.741
933,940.02,543
934,316.36,297.99
935,970.59,381.84
936,888.21,533.89
937,822.06,426.53
938,644.62,232.04
939,835,28.419
940,47.385,26.028
941,591.36,274.3
942,992.41,694.48
943,256.44,330
944,106.18,750.49
945,242.82,795.65
946,322.84,53.742
947,558.11,9.2239
948,296.33,728.12
949,708.68,664.39
950,435.82,585.33
951,846.18,919.04
952,249.08,167.34
953,821.05,971.96
954,825.67,219.61
955,255.09,38.249
956,733.64,228.96
957,663.84,707.77
958,785.94,352.62
959,753.8,709.49
960,997.33,588.69
961,770.4,108.76
962,881.23,646.82
963,350.55,731.11
964,809.84,863.38
965,970.32,22.648
966,237.07,151.2
967,422.67,525.19
968,996.47,226.56
969,611.77,841.66
970,18.495,430.03
971,958.21,299.39
972,54.832,577.17
973,968.55,344.75
974,416.04,857.01
975,851.02,286.57
976,887.48,440.95
977,481.76,766.39
978,90.244,383.01
979,491.37,238.8
980,627.23,393.91
981,605.19,195.83
982,579.44,440.7
983,672.63,618.4
984,390.78,231.86
985,39.954,871.43
986,88.476,731.42
987,991.4,319.95
988,262.89,811.78
989,43.651,458.86
990,738.25,675.97
991,353.69,287.79
992,762.9,730.52
993,784.11,734.22
994,28.289,707.93
995,803.38,209.47
996,913.54,171.16
997,955.32,533.74
998,936.79,708.86
999,885.91,1.0128
1000,836.1,190.98
1001,910.77,736.01
1002,568.04,995.54
1003,881.04,197.13
1004,210.62,232.89
1005,785.78,335.19
1006,419.51,139.03
1007,630.98,336.52
1008,995.12,566.15
1009,142.81,460.99
1010,368.87,891.55
1011,16.838,117.4
1012,515.69,106.18
1013,617.72,391.89
1014,147.02,696.74
1015,107.43,888.53
1016,957.54,46.204
1017,900.96,292.18
1018,801.6,953.75
1019,88.449,760.97
1020,25.179,55.771
1021,834.77,28.424
1022,147.35,927.07
1023,925.48,370.59
1024,933.47,15.834
1025,107.11,503.64
1026,877.61,949.15
1027,406.33,932.44
1028,139.15,53.707
1029,796.73,914.55
1030,132.91,503.75
1031,488.2,191.54
1032,758.72,618.83
1033,956.68,875.32
1034,942.33,419.88
1035,322.04,930.43
1036,924.01,530.36
1037,626.77,844.4
1038,644.67,760.51
1039,611.26,648.95
1040,47.89,929.29
1041,676.79,698.58
1042,965.95,228.31
1043,924.11,703.41
1044,416.25,238.03
1045,321.97,540.34
1046,124.12,377.26
1047,748.36,632.88
1048,317.66,987.6
1049,29.53,776.93
1050,729.71,716.88
1051,682.76,842.62
1052,514.48,261.91
1053,807.97,461.28
1054,895.35,362.92
1055,992.43,616.99
1056,404.53,309.45
1057,238.12,632.66
1058,136.99,779.05
1059,433,888.04
1060,840.23,678.84
1061,683.6,214.4
1062,303.73,196.74
1063,372.16,410.61
1064,178.06,766.98
1065,358.76,786.7
1066,255.76,599.6
1067,384.12,160.06
1068,196.21,187.61
1069,447.62,859.13
1070,82.594,515.3
1071,261.32,468.99
1072,472.6,5.2759
1073,432.76,757.6
1074,20.448,513.68
1075,158.48,441.9
1076,661.62,974.45
1077,584.98,350.33
1078,181.2,197.7
1079,349.28,478.59
1080,627.16,888.89
1081,511.94,559.83
1082,841.68,249.12
1083,102.28,264.96
1084,961.38,563.38
1085,154,793.16
1086,734.96,21.178
1087,992.42,736.92
1088,469.76,401.14
1089,464.14,710.07
1090,610.4,641.1
1091,959.68,647.79
1092,281.96,958.73
1093,933.18,515.67
1094,255.15,12.846
1095,782.18,828.59
1096,308.06,626.54
1097,271.2,608.39
1098,146.62,706
1099,983.31,535.06
1100,62.759,61.14
1101,746.94,555.62
1102,303.08,66.898
1103,686.43,751.99
1104,644.6,35.388
1105,118.54,958.62
1106,435.63,373.81
1107,280.23,996.79
1108,129.91,758.73
1109,544.1,83.353
1110,331.07,512.74
1111,64.298,866.94
1112,87.555,659.34
1113,409.48,68.854
1114,731.64,925.14
1115,844.61,39.355
1116,408.24,990.72
1117,698.42,699.63
1118,432.5,861.98
1119,217.27,168.36
1120,718.75,690.51
1121,410.54,848.48
1122,918.01,229.52
1123,644.86,124.9
1124,383.25,51.182
1125,355.51,639.52
1126,167.43,78.212
1127,576.5,770.7
1128,691.31,557.13
1129,607.59,94.064
1130,946.44,728.46
1131,757.4,420.11
1132,208.28,670.85
1133,613,806.68
1134,704.84,889.78
1135,853.82,668.22
1136,491.47,828.96
1137,862.38,968.01
1138,683.18,749.57
1139,121.97,581.15
1140,938.39,952.47
1141,6.9094,214.83
1142,162.52,205.99
1143,631.42,985.37
1144,205.97,516.45
1145,681.64,238.19
1146,550.35,386.22
1147,782.94,212.83
1148,270.87,298.39
1149,249.47,688.05
1150,935.47,622.62
1151,149.96,103.55
1152,223.2,286.05
1153,569.5,601.36
1154,668.8,868.49
1155,285.78,815.69
1156,524.28,374.92
1157,220.33,482.97
1158,565.61,777.82
1159,364.79,218.99
1160,490.12,155.17
1161,439.36,246.9
1162,934.35,977.16
1163,944.97,540.76
1164,848.92,664.65
1165,101.5,673.08
1166,825.03,613.63
1167,287.57,66.637
1168,527.31,460.91
1169,102.98,351.01
1170,451.46,605.22
1171,301.91,612.16
1172,616.05,304.22
1173,358.61,839.08
1174,611.26,172.86
1175,853.16,5.5198
1176,853.88,216.99
1177,546.52,534.89
1178,638.86,342.47
1179,315.95,165.74
1180,77.886,611.83
1181,11.705,284.87
1182,637.27,302.32
1183,481.13,500.72
1184,46.392,528.69
1185,550.5,14.161
1186,342.81,118.09
1187,20.21,139.15
1188,644.59,762.09
1189,549.6,206.97
1190,414.9,503.51
1191,804.69,233.75
1192,158.58,662.13
1193,752.18,641.81
1194,487.38,849.67
1195,420.33,873.9
1196,681.24,946.83
1197,994.33,808.56
1198,983.08,76.708
1199,998.14,300.01
1200,519.91,105.23
1201,664.66,702.91
1202,810.48,452.7
1203,227.26,349.61
1204,671.17,805.35
1205,518.57,57.274
1206,241.34,188.28
1207,438.36,279.55
1208,622.64,753.05
1209,663.28,406.69
1210,653.15,318.39
1211,919.68,438.58
1212,607.16,350.36
1213,56.975,460.8
1214,415.28,412.2
1215,473.01,947.12
1216,282.93,947.89
1217,271.19,460.44
1218,583.19,370.18
1219,535.37,336.73
1220,359.13,488.44
1221,548.2,851.53
1222,90.923,68.146
1223,286.77,526.24
1224,491.81,328.8
1225,559.91,342.1
1226,421.28,731.01
1227,511.18,833.16
1228,395.92,707.76
1229,148.71,158.15
1230,884.6,976.82
1231,354.66,559.8
1232,582.33,472.15
1233,588.37,395.29
1234,629.7,84.356
1235,604.71,276.37
1236,708.57,366.97
1237,721.43,797.17
1238,412.49,11.825
1239,185.59,229.69
1240,23.901,687.07
1241,405.84,36.681
1242,865.93,786.35
1243,874.86,660.98
1244,806.19,755.1
1245,546.39,517.65
1246,689.71,990.33
1247,678.96,177.93
1248,812.41,437.03
1249,130.6,630.59
1250,169.72,673.61
1251,701.7,917.5
1252,351.52,907.6
1253,629.77,63.821
1254,829.79,637.23
1255,257.69,481.09
1256,866.82,287.51
1257,951.08,721.54
1258,455.52,504.89
1259,326.2,677.3
1260,157.77,802.39
1261,810.1,683.33
1262,806.29,115.49
1263,687.91,957.64
1264,223.79,335.55
1265,333.52,318.29
1266,50.22,668.35
1267,166.14,146.79
1268,392.23,278
1269,893.16,659.42
1270,663.44,542.23
1271,329.19,284.09
1272,824.62,976.2
1273,242.18,574.58
1274,907.37,727.2
1275,291.48,879.31
1276,623.2,662.08
1277,806.76,521.8
1278,31.986,254.77
1279,879.32,673.68
1280,988.54,859.1
1281,649.3,472.53
1282,378.67,912.53
1283,731.26,62.496
1284,919.97,487.56
1285,495.37,915.07
1286,180.79,489.82
1287,473.41,484.3
1288,71.415,274.13
1289,916.3,91.088
1290,511.8,665.94
1291,254.57,125.56
1292,404.57,108.81
1293,959.16,442.9
1294,657.1,553.11
1295,769.31,962.54
1296,114.55,571.51
1297,263.99,75.89
1298,811.25,362.47
1299,758.68,19.482
1300,423.19,463.91
1301,689.64,955.9
1302,687.62,977.57
1303,182.77,142.97
1304,12.232,272.79
1305,28.341,970.88
1306,101.48,771.92
1307,843.06,605.85
1308,103.53,842.38
1309,320.69,678.59
1310,729.91,923.51
1311,365.89,974.73
1312,510.19,58.077
1313,258.84,26.379
1314,577.08,709.77
1315,467.55,639.97
1316,731.08,467.94
1317,104.93,557.17
1318,979.72,94.344
1319,415.38,819.9
1320,794.84,374.73
1321,430.86,912.23
1322,810.64,839.39
1323,484.71,592.9
1324,538.98,95.933
1325,10.948,238.32
1326,605.25,23.298
1327,229.68,154.03
1328,690.07,880.45
1329,517,118.96
1330,196.35,859.94
1331,839.01,865.49
1332,97.467,895.46
1333,270.91,11.689
1334,445.5,796.1
1335,573.85,182.15
1336,107.34,32.305
1337,110.45,163.15
1338,15.976,548.18
1339,425.41,768.4
1340,300.48,779.51
1341,271.98,349.07
1342,655.73,708.25
1343,766.1,330.62
1344,910.54,616.06
1345,479.01,458.89
1346,874.01,219.12
1347,83.073,432.06
1348,674.13,639.37
1349,739.88,831.13
1350,384.98,708.73
1351,658.93,179.77
1352,19.448,579.9
1353,598.29,777.9
1354,334.43,759.05
1355,114.05,250.62
1356,667.97,343.77
1357,543.05,730.73
1358,177.39,287.28
1359,395.93,443.89
1360,492.16,839.83
1361,437.88,983.66
1362,635.37,614.55
1363,152.73,176.55
1364,929.31,64.096
1365,870.17,685.7
1366,265.59,229.93
1367,509.05,664.51
1368,490.45,844.22
1369,41.534,735.05
1370,404.66,899.5
1371,378.47,244.24
1372,166.89,883.62
1373,849.5,45.63
1374,652.77,492.9
1375,518.77,580.43
1376,720.99,948.95
1377,81.244,631.65
1378,927.69,472.53
1379,34.021,121.59
1380,226.5,279.71
1381,499.84,769.21
1382,142.28,750.8
1383,252.16,18.085
1384,908.15,848.46
1385,537.7,902.35
1386,858.5,676.04
1387,523.25,40.598
1388,849.56,495.42
1389,238.4,686.58
1390,115.82,36.871
1391,647.17,250.57
1392,107.57,316.44
1393,285.54,166.81
1394,98.414,459.63
1395,286.29,917.84
1396,912.39,49.015
1397,513.83,281.93
1398,264.83,815.13
1399,342.46,893.11
1400,491.42,790.28
1401,791.85,22.639
1402,256.8,79.228
1403,618.66,920.87
1404,996.02,514.14
1405,13.527,42.467
1406,458.76,790.63
1407,520.89,728.11
1408,877.32,95.4
1409,151.26,789.49
1410,185.18,707.16
1411,929.86,389.81
1412,784.16,906.14
1413,159.62,127.35
1414,936.73,460.34
1415,65.391,527.28
1416,380.52,614.05
1417,692.04,51.782
1418,27.874,21.533
1419,887.35,111.48
1420,916.56,555.3
1421,438.49,605.07
1422,228.19,784.04
1423,609.15,954.76
1424,925.36,194.32
1425,635.61,466.68
1426,54.817,911.12
1427,992.18,415.96
1428,295.62,298.01
1429,240.09,257.36
1430,385.87,831.9
1431,261.11,694.54
1432,224.7,6.1785
1433,368.14,637.15
1434,174.31,815.01
1435,768.12,661.32
1436,583.69,334.93
1437,314.92,959.16
1438,904.31,535.35
1439,898.06,566.64
1440,434.79,115.86
1441,70.634,508.92
1442,644.97,814.97
1443,838.32,632.27
1444,903.73,130.09
1445,620.12,533.24
1446,425,951.08
1447,5.8966,77.994
1448,970.09,436.73
1449,530.72,781.66
1450,340.75,163.64
1451,591.88,692.84
1452,891.29,434.68
1453,453.47,819.9
1454,694.22,554.41
1455,914.88,788.15
1456,111.42,267.9
1457,223.43,529.28
1458,488.19,649.21
1459,798.28,180.94
1460,441.08,198.1
1461,169.58,155.65
1462,883.1,985.86
1463,28.746,250.56
1464,358.8,372.62
1465,864.23,479.32
1466,735.21,304.42
1467,656,711.43
1468,496.11,470.88
1469,98.444,626.7
1470,262.91,208.28
1471,464.12,391.61
1472,511.87,171.07
1473,596.48,580.53
1474,470.62,276.76
1475,413.68,92.044
1476,513.19,260.64
1477,156.8,837.2
1478,242.36,752.96
1479,195.66,364.53
1480,699.98,599.64
1481,547.53,342.73
1482,101.39,436.48
1483,347.52,258.22
1484,883.82,432.07
1485,115.64,35.584
1486,869.71,78.729
1487,714.99,339.46
1488,167.69,208.44
1489,882.82,743.21
1490,77.257,498.21
1491,703.07,68.514
1492,669.51,390.16
1493,688.09,258.84
1494,988.56,755.18
1495,60.334,879.03
1496,621.62,868.76
1497,486.76,212.49
1498,304.73,445.48
1499,146,22.415
1500,955.51,776.55
1501,960.49,400.71
1502,873.84,623.33
1503,750.09,973.55
1504,379.89,379.02
1505,617.86,696.84
1506,710.4,452.31
1507,58.289,443.48
1508,565.05,243.76
1509,545.05,167.73
1510,973.93,644.42
1511,118.29,12.675
1512,634.55,10.867
1513,147.45,413.52
1514,214.35,323.47
1515,34.498,344.61
1516,774.1,244.18
1517,257.67,409.85
1518,785.7,48.102
1519,609.71,948.19
1520,29.581,37.086
1521,909.73,533.98
1522,374.01,523.72
1523,413.97,86.671
1524,924.57,231.74
1525,456.4,383.49
1526,967.72,424.72
1527,197.49,773.62
1528,785.38,852.97
1529,838.27,945.75
1530,771.73,118.23
1531,386.49,187.72
1532,948.31,109.12
1533,540.37,454.47
1534,547.03,202.17
1535,296.83,283.32
1536,749.11,340.16
1537,118.24,610.38
1538,165.33,656.67
1539,991.45,979.67
1540,67.34,423.71
1541,758.4,835.36
1542,432.64,189.47
1543,141.51,391.23
1544,50.069,562.11
1545,965.83,956.84
1546,228.36,44.218
1547,387.09,64.534
1548,148,908.34
1549,581.23,693.97
1550,432.8,854.29
1551,103.04,772.37
1552,5.1367,958.05
1553,394.37,382.65
1554,881,421.07
1555,292.96,260.81
1556,687.5,497.49
1557,738.17,9.572
1558,903.58,878.77
1559,720.87,329.91
1560,643.87,194.01
1561,677.38,282.1
1562,731.92,950.07
1563,898.64,641.39
1564,933.77,279.09
1565,441.08,307.23
1566,351.13,442.84
1567,930.87,891.6
1568,953.97,325.34
1569,68.64,374.54
1570,341.76,775.48
1571,13.764,657.43
1572,396.11,6.0107
1573,605.08,87.571
1574,146.1,249.75
1575,406.22,261.61
1576,75.528,112.46
1577,615.72,494.78
1578,332.44,471.23
1579,85.129,536.12
1580,751.15,934.25
1581,746.74,62.091
1582,231.44,84.308
1583,314.61,801.98
1584,161.85,509.33
1585,42.308,389.79
1586,553.79,118.72
1587,671.63,655.24
1588,987.55,260.9
1589,898.69,520.45
1590,148.55,34.057
1591,88.433,962.66
1592,352.6,932.34
1593,850.66,522.75
1594,703.26,627.45
1595,163.09,845.58
1596,197.89,875.44
1597,937.55,54.172
1598,262.38,71.269
1599,40.756,195.41
1600,648.82,541.64
1601,386.72,546.29
1602,704.54,261.87
1603,69.218,209.38
1604,931.03,736.2
1605,254.94,406.1
1606,672.5,515.49
1607,252.42,710.58
1608,944.45,991.47
1609,326.34,155.95
1610,936.76,474.39
1611,261.47,479.28
1612,842.27,423.91
1613,650.62,487.34
1614,634.54,994.28
1615,298.16,81.361
1616,653.23,13.807
1617,979.22,986.54
1618,701.3,950.18
1619,353.89,784.28
1620,740.28,74.258
1621,295.1,417.59
1622,470.14,359.24
1623,758.47,986.7
1624,540.71,939.05
1625,808.07,15.435
1626,150.78,473.26
1627,200.81,898.16
1628,764.32,143.67
1629,297.22,245.73
1630,497.34,131.47
1631,630.13,703.08
1632,424.24,330.05
1633,193.61,103.48
1634,68.318,221.32
1635,108.64,850.17
1636,438.43,788.12
1637,388.75,185.67
1638,251.88,394.84
1639,641.99,259.63
1640,647.37,598.77
1641,622.15,667.82
1642,30.239,76.44
1643,248.8,392.68
1644,713.1,231.56
1645,733.48,946.17
1646,888.44,359.42
1647,538.92,290.73
1648,191.57,95.944
1649,772.49,644.94
1650,618.36,496.12
1651,938.5,266.44
1652,491.89,732.87
1653,354.3,949.3
1654,814.24,965.72
1655,321.23,828.45
1656,976.18,189.88
1657,378.34,784.47
1658,92.745,459.72
1659,21.037,125.37
1660,529.25,383.12
1661,96.898,67.425
1662,914.83,910.51
1663,723.57,975.41
1664,458.02,698.08
1665,270.89,245.96
1666,831.36,675.44
1667,57.392,89.906
1668,555.33,968.36
1669,594.79,664.78
1670,307,113.19
1671,365.96,82.766
1672,993.71,35.856
1673,617.18,571.97
1674,816.71,839.62
1675,600.86,768.35
1676,54.226,999.62
1677,59.501,605.11
1678,434.31,367.24
1679,687.14,16.91
1680,673.34,235.45
1681,359.21,679.27
1682,491.32,429.01
1683,173.04,166.28
1684,111.94,542.74
1685,574.32,588.61
1686,371.53,811.61
1687,357.45,472.21
1688,95.402,918.47
1689,984.98,863.49
1690,423.17,521.84
1691,765.57,528.94
1692,745.28,679.59
1693,866.15,681.68
1694,809.39,189.06
1695,521.62,472.25
1696,256.17,616.96
1697,883.05,925.93
1698,847.91,166.15
1699,20.778,864.12
1700,60.038,274.26
1701,689.28,573.97
1702,260.71,124.8
1703,20.928,517.64
1704,591.73,80.843
1705,39.597,370.27
1706,102.68,674.09
1707,361.19,26.344
1708,7.9333,651.79
1709,464.67,892.67
1710,116.76,450.22
1711,718.53,866.94
1712,667.56,750.49
1713,559.2,448.16
1714,567.23,606.65
1715,466.63,700.24
1716,370.78,233.47
1717,35.047,454.08
1718,864.84,47.725
1719,960.7,611.33
1720,909.97,17.09
1721,755.18,624.32
1722,285.81,194.36
1723,329.89,505.82
1724,470.83,479.8
1725,569.22,710.55
1726,602.73,690.33
1727,238.05,726.05
1728,576.4,441.04
1729,368.38,328.63
1730,271.62,547.1
1731,985.5,858.38
1732,647.92,914.38
1733,391.03,626
1734,115.87,517.21
1735,308.37,537.48
1736,41.401,161
1737,380.24,138.23
1738,723.7,595.46
1739,776.96,606.96
1740,100.48,644.31
1741,919.92,63.605
1742,687.15,63.451
1743,114.48,603.86
1744,758.84,408.25
1745,746.9,438.81
1746,817.72,79.413
1747,599.87,407.66
1748,567.87,112.9
1749,824.7,997.11
1750,965.82,705.89
1751,47.952,465.44
1752,161.86,120.49
1753,830.6,750.77
1754,10.454,965.25
1755,657.63,866.74
1756,853.07,879.76
1757,369.51,173.66
1758,721.74,287.73
1759,387.08,851.3
1760,930.99,462.56
1761,472.11,997.16
1762,524.49,281.09
1763,35.478,358.18
1764,221.72,740.01
1765,808.16,546.62
1766,110.69,571.45
1767,440.66,73.853
1768,676.51,83.239
1769,460.39,197.52
1770,20.421,896.81
1771,690.46,673.51
1772,227.2,607.34
1773,217.7,51.651
1774,80.096,507.85
1775,540.54,300.96
1776,594.13,240.54
1777,74.399,776
1778,182.21,892.51
1779,412.61,53.07
1780,167.77,556.63
1781,882.4,151.35
1782,910.46,989.34
1783,430.67,526.21
1784,130.75,536.5
1785,506.93,712.48
1786,795.82,818.73
1787,599.31,874.1
1788,680.39,621.71
1789,466.81,10.607
1790,712.03,222.27
1791,289.2,52.616
1792,28.525,514.46
1793,498.85,892.84
1794,195.31,579.62
1795,963.82,628.05
1796,763.1,144.29
1797,612.79,748.62
1798,386.3,280.66
1799,911.4,868.78
1800,535.85,802.12
1801,749.6,488.38
1802,407.87,973.57
1803,341.13,527.16
1804,746.9,217.56
1805,805.05,196.58
1806,393.99,17.692
1807,775.09,344.33
1808,507.75,835.3
1809,394.26,274.67
1810,382.81,657.56
1811,883.43,169.77
1812,730.39,294.63
1813,766.25,370.61
1814,489.07,648.93
1815,407.79,567.78
1816,874.21,512.24
1817,247.63,60.419
1818,16.97,777.83
1819,97.446,30.009
1820,808.4,680.38
1821,981.58,892.74
1822,495.46,371.02
1823,429.5,623.62
1824,696.1,692.67
1825,218.5,784.98
1826,76.26,632.41
1827,460.69,690.29
1828,384.18,802.62
1829,240.97,375.79
1830,760.44,47.874
1831,965.05,103
1832,94.925,540.5
1833,779.81,849.33
1834,188.64,532.47
1835,9.4866,908.61
1836,410.08,89.655
1837,141.33,863.95
1838,532.76,857.45
1839,557.76,882.9
1840,693.44,74.36
1841,876.37,342.16
1842,19.635,228.21
1843,686.59,844.41
1844,986.43,134.1
1845,985.76,881.3
1846,456.08,193.67
1847,348.01,846.62
1848,982.91,207.98
1849,485.87,670.54
1850,315.09,216.45
1851,381.38,64.747
1852,18.01,429.13
1853,503.63,303.08
1854,126.99,585.56
1855,305.17,245.79
1856,256.06,740.05
1857,2.2918,223.02
1858,772.71,0.41855
1859,661.8,2.9276
1860,397.97,925.7
1861,501.05,39.692
1862,612.55,537.07
1863,133.07,191.61
1864,283.35,163.65
1865,837.4,697.24
1866,865.93,668.72
1867,54.759,784.39
1868,493.18,522.05
1869,830.15,795.82
1870,918.49,578.07
1871,801.23,515.32
1872,978.78,388.88
1873,571.48,580.18
1874,63.756,492.93
1875,86.434,558.93
1876,976.8,854.61
1877,448.71,691.46
1878,894.17,45.329
1879,911.19,901.06
1880,961.41,254.25
1881,778.06,555.7
1882,948.1,613.24
1883,679.08,820.17
1884,714.16,548.52
1885,137.6,26.271
1886,82.775,837.52
1887,112.23,960.75
1888,369.22,831.16
1889,965.42,402.24
1890,362.39,503.19
1891,930.39,652.65
1892,95.983,696.09
1893,121.93,779.72
1894,488.61,878.44
1895,922.51,230.01
1896,134.84,800.36
1897,144.38,753.22
1898,333.31,982.34
1899,454.99,111.09
1900,8.3919,716.86
1901,408.34,666.69
1902,180.88,177.98
1903,873.35,354.68
1904,548.88,389.81
1905,861.32,585.08
1906,53.122,194.61
1907,511.04,173.13
1908,145.8,917.87
1909,438.66,354.55
1910,455.26,68.126
1911,318.14,196.42
1912,925.52,503.54
1913,721.51,392.76
1914,636.56,905.31
1915,945.8,243.39
1916,730.33,232.89
1917,521.93,16.065
1918,647.24,450.02
1919,736.01,695.53
1920,871.01,705.95
1921,867.1,459.99
1922,228.86,97.743
1923,301.05,649.26
1924,409.91,627.45
1925,192.33,148.96
1926,194.55,202.07
1927,149.64,662.71
1928,855.2,329.45
1929,930.68,280.45
1930,779.57,411.51
1931,158.29,853.56
1932,729.17,304.53
1933,193.5,759.69
1934,458.18,547.2
1935,855.41,777.82
1936,131.76,787.06
1937,613.87,943.82
1938,638.41,112.63
1939,752.03,866.59
1940,256.67,849.7
1941,548.66,295.13
1942,938.04,233.36
1943,950.07,477.21
1944,605.52,191.06
1945,810.57,913.99
1946,315.1,315.86
1947,272.13,108.74
1948,428.74,439.28
1949,747.26,537.88
1950,464.98,49.176
1951,983.74,551.43
1952,848.66,591.43
1953,321.86,275.24
1954,178.6,418.43
1955,855.22,499.13
1956,860.38,613.15
1957,105,838.28
1958,760.53,896.4
1959,139.11,486.69
1960,607.07,250.73
1961,792.71,152.07
1962,211.79,622.45
1963,32.051,858.67
1964,803.44,890.75
1965,39.307,157.08
1966,741,596.73
1967,339.32,834.78
1968,416.09,810.07
1969,193.8,797.63
1970,947.06,878.41
1971,135.56,401.44
1972,469.37,837.88
1973,851.34,626.05
1974,246.82,206.99
1975,431.4,376.42
1976,994.21,708.76
1977,927.65,28.757
1978,43.022,283.11
1979,547.72,622.33
1980,1.4941,103.28
1981,724.76,369.87
1982,618.77,501.14
1983,372.33,323.65
1984,294.16,895.49
1985,55.141,701.99
1986,700.69,120.55
1987,892.97,995.05
1988,726.02,943.92
1989,585.52,787.38
1990,952.21,621.77
1991,360.75,950.71
1992,91.252,111.09
1993,486.92,876.92
1994,165.58,768.06
1995,257.32,685.07
1996,1.7441,719.25
1997,763.25,606.23
1998,763.8,135.53
1999,15.676,567.77
2000,123.75,346.33
2001,80.442,678.27
2002,78.074,339.12
2003,591.25,328.33
